{
"lengthUnit": "mil",
"components": {
	"fields": ["COMPONENT_NO", "COMPONENT_NAME", "LAYER", "X_COORDINATE", "Y_COORDINATE", "ANGLE"],
	"rows": [
		[1, "ANT1", "T", 1067.82, -125.32, 0],
		[2, "C16", "T", 520, -205, 180],
		[3, "C40", "T", 660, -425, 270],
		[4, "C49", "T", 795, -315, 180],
		[5, "C51", "T", 330, -100, 270],
		[6, "C52", "T", 520, -275, 0],
		[7, "C53", "T", 795, -540, 180],
		[8, "C54", "T", 925, -390, 90],
		[9, "C55", "T", 1110, -705, 180],
		[10, "C56", "T", 1190, -430, 270],
		[11, "C57", "T", 1100, -350, 0],
		[12, "C58", "T", 1100, -195, 0],
		[13, "C59", "T", 1585, -680, 90],
		[14, "C60", "T", 1585, -540, 270],
		[15, "D9", "T", 405, -350, 180],
		[16, "D10", "T", 405, -430, 180],
		[17, "D11", "T", 1495, -685, 90],
		[18, "D12", "T", 1495, -545, 90],
		[19, "L1", "T", 1065.61, -269.85, 90],
		[20, "LED8", "T", 125, -745, 180],
		[21, "LED9", "T", 95.6, -75, 270],
		[22, "LED10", "T", 125, -690, 180],
		[23, "R9", "T", 390, -520, 90],
		[24, "R16", "T", 385, -100, 270],
		[25, "R18", "T", 390, -260, 90],
		[26, "R39", "T", 795, -245, 180],
		[27, "R40", "T", 255, -745, 0],
		[28, "R41", "T", 160, -75, 270],
		[29, "R45", "T", 1190, -585, 90],
		[30, "R46", "T", 1275, -660, 90],
		[31, "R47", "T", 1275, -530, 90],
		[32, "R48", "T", 1380, -185, 0],
		[33, "R49", "T", 1380, -285, 0],
		[34, "R50", "T", 1380, -385, 0],
		[35, "R51", "T", 1380, -435, 0],
		[36, "R52", "T", 1380, -235, 0],
		[37, "R53", "T", 1380, -335, 0],
		[38, "R54", "T", 255, -690, 0],
		[39, "SW6", "T", 725, -100, 0],
		[40, "SW7", "T", 725, -680, 0],
		[41, "U2", "T", 1850, -393.7, 270],
		[42, "U3", "B", 1850, -393.7, 90],
		[43, "U30", "T", 500, -100, 180],
		[44, "U31", "T", 1385, -660, 90],
		[45, "U32", "T", 1385, -530, 90],
		[46, "U33", "T", 1020, -540, 270],
		[47, "USB1", "T", 160, -393.7, 270],
		[48, "X1", "T", 795, -420, 0]
	]
},
"pins": {
	"fields": ["PIN_NO", "PIN_NAME", "PIN_X", "PIN_Y", "LAYER", "PIN_TYPE", "NET_NAME", "NET_TYPE", "PAD_SHAPE", "PAD_SIZEX", "PAD_SIZEY", "HOLE_SIZE", "PAD_ANGLE"],
	"rows": [
		[1, "ANT1_0", 1047.15, -125.32, "T", "SMD", "GND", "GND", "R", 3.94, 3.94, 0, 0],
		[2, "ANT1_1", 1067.82, -125.32, "T", "SMD", "ANT1", "", "R", 3.94, 3.94, 0, 0],
		[3, "C16_1", 555, -205, "T", "SMD", "3V3_IN", "", "R", 25, 38.6, 0, 180],
		[4, "C16_2", 485, -205, "T", "SMD", "GND", "GND", "R", 25, 38.6, 0, 180],
		[5, "C40_1", 660, -390, "T", "SMD", "GND", "GND", "R", 25, 38.58, 0, 270],
		[6, "C40_2", 660, -460, "T", "SMD", "OSC_OUT", "", "R", 25, 38.58, 0, 270],
		[7, "C49_1", 830, -315, "T", "SMD", "OSC_IN", "", "R", 25, 38.58, 0, 180],
		[8, "C49_2", 760, -315, "T", "SMD", "GND", "GND", "R", 25, 38.58, 0, 180],
		[9, "C51_1", 330, -65, "T", "SMD", "VBUS", "", "R", 25, 38.58, 0, 270],
		[10, "C51_2", 330, -135, "T", "SMD", "GND", "GND", "R", 25, 38.58, 0, 270],
		[11, "C52_1", 485, -275, "T", "SMD", "GND", "GND", "R", 25, 38.58, 0, 0],
		[12, "C52_2", 555, -275, "T", "SMD", "3V3_IN", "", "R", 25, 38.58, 0, 0],
		[13, "C53_1", 830, -540, "T", "SMD", "3V3_IN", "", "R", 25, 38.58, 0, 180],
		[14, "C53_2", 760, -540, "T", "SMD", "GND", "GND", "R", 25, 38.58, 0, 180],
		[15, "C54_1", 925, -425, "T", "SMD", "3V3_IN", "", "R", 25, 38.58, 0, 90],
		[16, "C54_2", 925, -355, "T", "SMD", "GND", "GND", "R", 25, 38.58, 0, 90],
		[17, "C55_1", 1145, -705, "T", "SMD", "GND", "GND", "R", 25, 38.58, 0, 180],
		[18, "C55_2", 1075, -705, "T", "SMD", "3V3_IN", "", "R", 25, 38.58, 0, 180],
		[19, "C56_1", 1190, -395, "T", "SMD", "GND", "GND", "R", 25, 38.58, 0, 270],
		[20, "C56_2", 1190, -465, "T", "SMD", "VINTA", "", "R", 25, 38.58, 0, 270],
		[21, "C57_1", 1065, -350, "T", "SMD", "ANT", "", "R", 25, 38.58, 0, 0],
		[22, "C57_2", 1135, -350, "T", "SMD", "GND", "GND", "R", 25, 38.58, 0, 0],
		[23, "C58_1", 1065, -195, "T", "SMD", "ANT1", "", "R", 25, 38.58, 0, 0],
		[24, "C58_2", 1135, -195, "T", "SMD", "GND", "GND", "R", 25, 38.58, 0, 0],
		[25, "C59_1", 1585, -707.56, "T", "SMD", "5V", "", "R", 31.5, 35.43, 0, 90],
		[26, "C59_2", 1585, -652.44, "T", "SMD", "GND", "GND", "R", 31.5, 35.43, 0, 90],
		[27, "C60_1", 1585, -512.44, "T", "SMD", "3V3", "", "R", 31.5, 35.43, 0, 270],
		[28, "C60_2", 1585, -567.56, "T", "SMD", "GND", "GND", "R", 31.5, 35.43, 0, 270],
		[29, "D9_1", 434.53, -350, "T", "SMD", "GND", "GND", "R", 23.62, 23.62, 0, 180],
		[30, "D9_2", 375.47, -350, "T", "SMD", "USB_N", "", "R", 23.62, 23.62, 0, 0],
		[31, "D10_1", 434.53, -430, "T", "SMD", "GND", "GND", "R", 23.62, 23.62, 0, 180],
		[32, "D10_2", 375.47, -430, "T", "SMD", "USB_P", "", "R", 23.62, 23.62, 0, 0],
		[33, "D11_1", 1495, -729.88, "T", "SMD", "VBUS", "", "R", 24.8, 32.68, 0, 180],
		[34, "D11_2", 1495, -640.12, "T", "SMD", "5V", "", "R", 24.8, 32.68, 0, 180],
		[35, "D12_1", 1495, -589.88, "T", "SMD", "3V3_IN", "", "R", 24.8, 32.68, 0, 180],
		[36, "D12_2", 1495, -500.12, "T", "SMD", "3V3", "", "R", 24.8, 32.68, 0, 180],
		[37, "L1_1", 1065.61, -299.38, "T", "SMD", "ANT", "", "R", 25.2, 43.31, 0, 90],
		[38, "L1_2", 1065.61, -240.32, "T", "SMD", "ANT1", "", "R", 25.2, 43.31, 0, 90],
		[39, "LED8_1", 156.5, -745, "T", "SMD", "$1N1782", "", "R", 31.5, 31.5, 0, 180],
		[40, "LED8_2", 93.5, -745, "T", "SMD", "3V3_IN", "", "R", 31.5, 31.5, 0, 180],
		[41, "LED9_1", 95.6, -43.5, "T", "SMD", "GND", "GND", "R", 31.5, 31.5, 0, 270],
		[42, "LED9_2", 95.6, -106.5, "T", "SMD", "$1N1786", "", "R", 31.5, 31.5, 0, 270],
		[43, "LED10_1", 156.5, -690, "T", "SMD", "$1N2678", "", "R", 31.5, 31.5, 0, 180],
		[44, "LED10_2", 93.5, -690, "T", "SMD", "3V3_IN", "", "R", 31.5, 31.5, 0, 180],
		[45, "R9_1", 390, -555, "T", "SMD", "GND", "GND", "R", 25, 38.58, 0, 90],
		[46, "R9_2", 390, -485, "T", "SMD", "$1N9716", "", "R", 25, 38.58, 0, 90],
		[47, "R16_1", 385, -65, "T", "SMD", "VBUS", "", "R", 25, 38.6, 0, 270],
		[48, "R16_2", 385, -135, "T", "SMD", "$1N1756", "", "R", 25, 38.6, 0, 270],
		[49, "R18_1", 390, -295, "T", "SMD", "$1N9721", "", "R", 25, 38.58, 0, 90],
		[50, "R18_2", 390, -225, "T", "SMD", "GND", "GND", "R", 25, 38.58, 0, 90],
		[51, "R39_1", 830, -245, "T", "SMD", "BOOT", "", "R", 25, 38.58, 0, 180],
		[52, "R39_2", 760, -245, "T", "SMD", "GND", "GND", "R", 25, 38.58, 0, 180],
		[53, "R40_1", 220, -745, "T", "SMD", "$1N1782", "", "R", 25, 38.58, 0, 0],
		[54, "R40_2", 290, -745, "T", "SMD", "LED_MODE", "", "R", 25, 38.58, 0, 0],
		[55, "R41_1", 160, -40, "T", "SMD", "3V3_IN", "", "R", 25, 38.58, 0, 270],
		[56, "R41_2", 160, -110, "T", "SMD", "$1N1786", "", "R", 25, 38.58, 0, 270],
		[57, "R45_1", 1190, -620, "T", "SMD", "D_SWDIO", "", "R", 25, 38.6, 0, 90],
		[58, "R45_2", 1190, -550, "T", "SMD", "PA12", "", "R", 25, 38.6, 0, 90],
		[59, "R46_1", 1275, -689.66, "T", "SMD", "GND", "GND", "R", 31.75, 34.02, 0, 90],
		[60, "R46_2", 1275, -630.34, "T", "SMD", "$1N1849", "", "R", 31.75, 34.02, 0, 90],
		[61, "R47_1", 1275, -565, "T", "SMD", "GND", "GND", "R", 25, 38.58, 0, 90],
		[62, "R47_2", 1275, -495, "T", "SMD", "$1N1850", "", "R", 25, 38.58, 0, 90],
		[63, "R48_1", 1345, -185, "T", "SMD", "D_SWCLK", "", "R", 25, 38.6, 0, 0],
		[64, "R48_2", 1415, -185, "T", "SMD", "SWCLK/TCK", "", "R", 25, 38.6, 0, 0],
		[65, "R49_1", 1345, -285, "T", "SMD", "D_SWDIO", "", "R", 25, 38.6, 0, 0],
		[66, "R49_2", 1415, -285, "T", "SMD", "SWDIO/TMS", "", "R", 25, 38.6, 0, 0],
		[67, "R50_1", 1345, -385, "T", "SMD", "PA6", "", "R", 25, 38.6, 0, 0],
		[68, "R50_2", 1415, -385, "T", "SMD", "TDO", "", "R", 25, 38.6, 0, 0],
		[69, "R51_1", 1345, -435, "T", "SMD", "PA7", "", "R", 25, 38.6, 0, 0],
		[70, "R51_2", 1415, -435, "T", "SMD", "TDI", "", "R", 25, 38.6, 0, 0],
		[71, "R52_1", 1345, -235, "T", "SMD", "UART2_RX", "", "R", 25, 38.6, 0, 0],
		[72, "R52_2", 1415, -235, "T", "SMD", "RX", "", "R", 25, 38.6, 0, 0],
		[73, "R53_1", 1345, -335, "T", "SMD", "UART2_TX", "", "R", 25, 38.6, 0, 0],
		[74, "R53_2", 1415, -335, "T", "SMD", "TX", "", "R", 25, 38.6, 0, 0],
		[75, "R54_1", 220, -690, "T", "SMD", "$1N2678", "", "R", 25, 38.58, 0, 0],
		[76, "R54_2", 290, -690, "T", "SMD", "LED_CON", "", "R", 25, 38.58, 0, 0],
		[77, "SW6_1", 636.42, -100, "T", "SMD", "3V3_IN", "", "R", 53.15, 78.74, 0, 0],
		[78, "SW6_2", 813.58, -100, "T", "SMD", "BOOT", "", "R", 53.15, 78.74, 0, 0],
		[79, "SW7_1", 636.42, -680, "T", "SMD", "GND", "GND", "R", 53.15, 78.74, 0, 0],
		[80, "SW7_2", 813.58, -680, "T", "SMD", "MODES", "", "R", 53.15, 78.74, 0, 0],
		[81, "U2_1", 1850, -193.7, "T", "SMD", "RX", "", "R", 40.16, 124.41, 0, 270],
		[82, "U2_2", 1850, -293.7, "T", "SMD", "TX", "", "R", 40.16, 124.41, 0, 270],
		[83, "U2_3", 1850, -393.7, "T", "SMD", "TDO", "", "R", 40.16, 124.41, 0, 270],
		[84, "U2_4", 1850, -493.7, "T", "SMD", "TDI", "", "R", 40.16, 124.41, 0, 270],
		[85, "U2_5", 1850, -593.7, "T", "SMD", "RST", "", "R", 40.16, 124.41, 0, 270],
		[86, "U3_1", 1850, -593.7, "B", "SMD", "5V", "", "R", 40.16, 124.41, 0, 90],
		[87, "U3_2", 1850, -493.7, "B", "SMD", "3V3", "", "R", 40.16, 124.41, 0, 90],
		[88, "U3_3", 1850, -393.7, "B", "SMD", "GND", "GND", "R", 40.16, 124.41, 0, 90],
		[89, "U3_4", 1850, -293.7, "B", "SMD", "SWDIO/TMS", "", "R", 40.16, 124.41, 0, 90],
		[90, "U3_5", 1850, -193.7, "B", "SMD", "SWCLK/TCK", "", "R", 40.16, 124.41, 0, 90],
		[91, "U30_1", 448.8, -62.6, "T", "SMD", "VBUS", "", "R", 39.4, 23.6, 0, 180],
		[92, "U30_2", 448.8, -100, "T", "SMD", "GND", "GND", "R", 39.4, 23.6, 0, 180],
		[93, "U30_3", 448.8, -137.4, "T", "SMD", "$1N1756", "", "R", 39.4, 23.6, 0, 180],
		[94, "U30_4", 551.2, -137.4, "T", "SMD", "U30_4", "", "R", 39.4, 23.6, 0, 180],
		[95, "U30_5", 551.2, -62.6, "T", "SMD", "3V3_IN", "", "R", 39.4, 23.6, 0, 180],
		[96, "U31_1", 1430.24, -697.4, "T", "SMD", "5V", "", "R", 20.95, 42.2, 0, 90],
		[97, "U31_2", 1430.24, -660, "T", "SMD", "GND", "GND", "R", 20.95, 42.2, 0, 90],
		[98, "U31_3", 1430.24, -622.6, "T", "SMD", "U31_3", "", "R", 20.95, 42.2, 0, 90],
		[99, "U31_4", 1339.76, -622.6, "T", "SMD", "PA1", "", "R", 20.95, 42.2, 0, 90],
		[100, "U31_5", 1339.76, -660, "T", "SMD", "$1N1849", "", "R", 20.95, 42.2, 0, 90],
		[101, "U31_6", 1339.76, -697.4, "T", "SMD", "VBUS", "", "R", 20.95, 42.2, 0, 90],
		[102, "U32_1", 1430.24, -567.4, "T", "SMD", "3V3", "", "R", 20.95, 42.2, 0, 90],
		[103, "U32_2", 1430.24, -530, "T", "SMD", "GND", "GND", "R", 20.95, 42.2, 0, 90],
		[104, "U32_3", 1430.24, -492.6, "T", "SMD", "U32_3", "", "R", 20.95, 42.2, 0, 90],
		[105, "U32_4", 1339.76, -492.6, "T", "SMD", "PA0", "", "R", 20.95, 42.2, 0, 90],
		[106, "U32_5", 1339.76, -530, "T", "SMD", "$1N1850", "", "R", 20.95, 42.2, 0, 90],
		[107, "U32_6", 1339.76, -567.4, "T", "SMD", "3V3_IN", "", "R", 20.95, 42.2, 0, 90],
		[108, "U33_1", 941.26, -492.76, "T", "SMD", "U33_1", "", "R", 7.87, 27.56, 0, 270],
		[109, "U33_2", 941.26, -508.5, "T", "SMD", "OSC_IN", "", "R", 7.87, 27.56, 0, 270],
		[110, "U33_3", 941.26, -524.26, "T", "SMD", "OSC_OUT", "", "R", 7.87, 27.56, 0, 270],
		[111, "U33_4", 941.26, -539.96, "T", "SMD", "3V3_IN", "", "R", 7.87, 27.56, 0, 270],
		[112, "U33_5", 941.26, -555.75, "T", "SMD", "PA0", "", "R", 7.87, 27.56, 0, 270],
		[113, "U33_6", 941.26, -571.5, "T", "SMD", "PA1", "", "R", 7.87, 27.56, 0, 270],
		[114, "U33_7", 941.26, -587.24, "T", "SMD", "UART2_TX", "", "R", 7.87, 27.56, 0, 270],
		[115, "U33_8", 972.76, -618.74, "T", "SMD", "UART2_RX", "", "R", 27.56, 7.87, 0, 270],
		[116, "U33_9", 988.5, -618.74, "T", "SMD", "MODES", "", "R", 27.56, 7.87, 0, 270],
		[117, "U33_10", 1004.25, -618.74, "T", "SMD", "D_SWCLK", "", "R", 27.56, 7.87, 0, 270],
		[118, "U33_11", 1020, -618.71, "T", "SMD", "PA6", "", "R", 27.56, 7.87, 0, 270],
		[119, "U33_12", 1035.74, -618.74, "T", "SMD", "PA7", "", "R", 27.56, 7.87, 0, 270],
		[120, "U33_13", 1051.5, -618.74, "T", "SMD", "3V3_IN", "", "R", 27.56, 7.87, 0, 270],
		[121, "U33_14", 1067.24, -618.74, "T", "SMD", "U33_14", "", "R", 27.56, 7.87, 0, 270],
		[122, "U33_15", 1098.74, -587.24, "T", "SMD", "LED_MODE", "", "R", 7.87, 27.56, 0, 270],
		[123, "U33_16", 1098.74, -571.5, "T", "SMD", "RST", "", "R", 7.87, 27.56, 0, 270],
		[124, "U33_17", 1098.74, -555.74, "T", "SMD", "LED_CON", "", "R", 7.87, 27.56, 0, 270],
		[125, "U33_18", 1098.74, -540, "T", "SMD", "D_SWDIO", "", "R", 7.87, 27.56, 0, 270],
		[126, "U33_19", 1098.74, -524.26, "T", "SMD", "PA12", "", "R", 7.87, 27.56, 0, 270],
		[127, "U33_20", 1098.74, -508.5, "T", "SMD", "D_SWDIO", "", "R", 7.87, 27.56, 0, 270],
		[128, "U33_21", 1098.74, -492.76, "T", "SMD", "VINTA", "", "R", 7.87, 27.56, 0, 270],
		[129, "U33_22", 1067.24, -461.26, "T", "SMD", "ANT", "", "R", 27.56, 7.87, 0, 270],
		[130, "U33_23", 1051.5, -461.26, "T", "SMD", "D_SWCLK", "", "R", 27.56, 7.87, 0, 270],
		[131, "U33_24", 1035.74, -461.26, "T", "SMD", "USB_N", "", "R", 27.56, 7.87, 0, 270],
		[132, "U33_25", 1020, -461.27, "T", "SMD", "USB_P", "", "R", 27.56, 7.87, 0, 270],
		[133, "U33_26", 1004.26, -461.26, "T", "SMD", "BOOT", "", "R", 27.56, 7.87, 0, 270],
		[134, "U33_27", 988.5, -461.26, "T", "SMD", "3V3_IN", "", "R", 27.56, 7.87, 0, 270],
		[135, "U33_28", 972.76, -461.26, "T", "SMD", "U33_28", "", "R", 27.56, 7.87, 0, 270],
		[136, "U33_29", 1020.78, -540.01, "T", "SMD", "GND", "GND", "R", 110.24, 110.24, 0, 270],
		[137, "USB1_25", 216.1, -614.96, "T", "DIP", "GND", "GND", "O", 39.37, 66.93, 51.18, 270],
		[138, "USB1_25", 216.1, -614.96, "B", "DIP", "GND", "GND", "O", 39.37, 66.93, 51.18, 270],
		[139, "USB1_26", 58.62, -614.96, "T", "DIP", "GND", "GND", "O", 39.37, 82.68, 66.93, 270],
		[140, "USB1_26", 58.62, -614.96, "B", "DIP", "GND", "GND", "O", 39.37, 82.68, 66.93, 270],
		[141, "USB1_27", 58.62, -172.44, "T", "DIP", "GND", "GND", "O", 39.37, 82.68, 66.93, 270],
		[142, "USB1_27", 58.62, -172.44, "B", "DIP", "GND", "GND", "O", 39.37, 82.68, 66.93, 270],
		[143, "USB1_28", 216.1, -172.44, "T", "DIP", "GND", "GND", "O", 39.37, 66.93, 51.18, 270],
		[144, "USB1_28", 216.1, -172.44, "B", "DIP", "GND", "GND", "O", 39.37, 66.93, 51.18, 270],
		[145, "USB1_A1", 261.38, -261.81, "T", "SMD", "GND", "GND", "R", 11.81, 43.31, 0, 270],
		[146, "USB1_A12", 261.38, -525.59, "T", "SMD", "GND", "GND", "R", 11.81, 43.31, 0, 270],
		[147, "USB1_A4", 261.38, -293.31, "T", "SMD", "VBUS", "", "R", 11.81, 43.31, 0, 270],
		[148, "USB1_A5", 261.38, -344.49, "T", "SMD", "$1N9721", "", "R", 11.81, 43.31, 0, 270],
		[149, "USB1_A6", 261.38, -383.86, "T", "SMD", "USB_P", "", "R", 11.81, 43.31, 0, 270],
		[150, "USB1_A7", 261.38, -403.54, "T", "SMD", "USB_N", "", "R", 11.81, 43.31, 0, 270],
		[151, "USB1_A8", 261.38, -442.91, "T", "SMD", "USB1_A8", "", "R", 11.81, 43.31, 0, 270],
		[152, "USB1_A9", 261.38, -494.09, "T", "SMD", "VBUS", "", "R", 11.81, 43.31, 0, 270],
		[153, "USB1_B1", 261.38, -513.78, "T", "SMD", "GND", "GND", "R", 11.81, 43.31, 0, 270],
		[154, "USB1_B12", 261.38, -273.62, "T", "SMD", "GND", "GND", "R", 11.81, 43.31, 0, 270],
		[155, "USB1_B4", 261.38, -482.28, "T", "SMD", "VBUS", "", "R", 11.81, 43.31, 0, 270],
		[156, "USB1_B5", 261.38, -462.6, "T", "SMD", "$1N9716", "", "R", 11.81, 43.31, 0, 270],
		[157, "USB1_B6", 261.38, -423.23, "T", "SMD", "USB_P", "", "R", 11.81, 43.31, 0, 270],
		[158, "USB1_B7", 261.38, -364.17, "T", "SMD", "USB_N", "", "R", 11.81, 43.31, 0, 270],
		[159, "USB1_B8", 261.38, -324.8, "T", "SMD", "USB1_B8", "", "R", 11.81, 43.31, 0, 270],
		[160, "USB1_B9", 261.38, -305.12, "T", "SMD", "VBUS", "", "R", 11.81, 43.31, 0, 270],
		[161, "X1_1", 751.69, -453.46, "T", "SMD", "OSC_OUT", "", "R", 55.12, 47.24, 0, 0],
		[162, "X1_2", 838.31, -453.46, "T", "SMD", "GND", "GND", "R", 55.12, 47.24, 0, 0],
		[163, "X1_3", 838.31, -386.54, "T", "SMD", "OSC_IN", "", "R", 55.12, 47.24, 0, 0],
		[164, "X1_4", 751.69, -386.54, "T", "SMD", "GND", "GND", "R", 55.12, 47.24, 0, 0]
	]
}
}